{
    "name": "Manzur",
    "identification": "10.1103/PhysRevC.81.025808",
    "interaction_type": "NR",
    "field": 730.0,
    "yield_type": "light",
    "drift_field_error": 0.0,
    "recoil_energy": [
        3.9,
        4.9,
        5.7,
        6.4,
        7.6,
        9.8,
        15.1,
        19.6,
        25.7,
        34.9,
        46.1,
        57.7,
        66.7
    ],
    "yield": [
        5.55968,
        6.533119999999999,
        6.6528,
        5.53472,
        5.3088,
        6.872319999999999,
        6.53376,
        7.0336,
        8.0256,
        11.320960000000001,
        9.808639999999999,
        11.0656,
        10.366719999999999
    ],
    "recoil_error": [
        3.404667625,
        3.5164604689999996,
        4.043754428,
        3.200595865,
        3.039859548,
        2.602287796,
        2.361832374,
        2.8609386789999998,
        1.524941934,
        3.2801211689999996,
        2.663996388,
        0.8435165790000001,
        1.479638263
    ],
    "corrected_energy": [
        3.9,
        4.9,
        5.7,
        6.4,
        7.6,
        9.8,
        15.1,
        19.6,
        25.7,
        34.9,
        46.1,
        57.7,
        66.7
    ],
    "max_recoil": [
        2.46212916,
        2.353251368,
        2.489427243,
        2.269970925,
        2.445436566,
        2.535886433,
        2.272675956,
        2.988190088,
        1.601279488,
        2.8334007839999997,
        2.514800986,
        0.6303268989999999,
        1.317840658
    ],
    "min_recoil": [
        2.308440166,
        2.522119743,
        2.179761455,
        2.329635165,
        2.329635165,
        1.9912126959999998,
        1.7232527380000002,
        2.6052009519999997,
        1.275190966,
        2.008621418,
        2.5615995,
        0.590050845,
        1.1748838240000001
    ],
    "max_yield": [
        0.9,
        0.9,
        1.1,
        1.1,
        1.2,
        1.3,
        1.5,
        2.6,
        2.0,
        2.1,
        4.9,
        3.2,
        3.3
    ],
    "min_yield": [
        0.9,
        0.9,
        1.1,
        1.1,
        1.2,
        1.3,
        1.5,
        2.6,
        2.0,
        2.1,
        4.9,
        3.2,
        3.3
    ]
}