{
    "name": "Manzur",
    "identification": "10.1103/PhysRevC.81.025808",
    "field": 4000.0,
    "yield_type": "light",
    "drift_field_error": 0.0,
    "recoil_energy": [
        6.4,
        9.8,
        15.1,
        57.7
    ],
    "yield": [
        8.30208,
        12.23424,
        8.50176,
        10.83264
    ],
    "recoil_error": [
        3.882715553,
        4.083231464,
        2.44941568,
        0.927773525
    ],
    "corrected_energy": [
        6.4,
        9.8,
        15.1,
        57.7
    ],
    "max_recoil": [
        2.269970925,
        2.535886433,
        2.272675956,
        0.6303268989999999
    ],
    "min_recoil": [
        2.329635165,
        1.9912126959999998,
        1.7232527380000002,
        0.590050845
    ],
    "max_yield": [
        1.1,
        1.3,
        1.5,
        3.2
    ],
    "min_yield": [
        1.1,
        1.3,
        1.5,
        3.2
    ]
}