{
    "name": "Manzur",
    "identification": "10.1103/PhysRevC.81.025808",
    "interaction_type": "NR",
    "field": 1500.0,
    "yield_type": "light",
    "drift_field_error": 0.0,
    "recoil_energy": [
        3.9,
        4.9,
        5.7,
        6.4,
        7.6,
        9.8,
        15.1,
        19.6,
        25.7,
        34.9,
        46.1,
        57.7,
        66.7
    ],
    "yield": [
        8.78336,
        4.89984,
        5.81504,
        5.59488,
        5.3088,
        7.40096,
        7.95072,
        10.34944,
        8.0256,
        11.0656,
        8.291839999999999,
        10.83264,
        10.02496
    ],
    "recoil_error": [
        4.35539723,
        3.134954594,
        3.806159185,
        3.242723518,
        3.039859548,
        2.640362899,
        2.320808086,
        3.0867084030000003,
        1.5550650209999999,
        3.22330246,
        2.663996388,
        0.767731663,
        1.421484585
    ],
    "corrected_energy": [
        3.9,
        4.9,
        5.7,
        6.4,
        7.6,
        9.8,
        15.1,
        19.6,
        25.7,
        34.9,
        46.1,
        57.7,
        66.7
    ],
    "max_recoil": [
        2.46212916,
        2.353251368,
        2.489427243,
        2.269970925,
        2.445436566,
        2.535886433,
        2.272675956,
        2.988190088,
        1.601279488,
        2.8334007839999997,
        2.514800986,
        0.6303268989999999,
        1.317840658
    ],
    "min_recoil": [
        2.308440166,
        2.522119743,
        2.179761455,
        2.329635165,
        2.329635165,
        1.9912126959999998,
        1.7232527380000002,
        2.6052009519999997,
        1.275190966,
        2.008621418,
        2.5615995,
        0.590050845,
        1.1748838240000001
    ],
    "max_yield": [
        0.9,
        0.9,
        1.1,
        1.1,
        1.2,
        1.3,
        1.5,
        2.6,
        2.0,
        2.1,
        4.9,
        3.2,
        3.3
    ],
    "min_yield": [
        0.9,
        0.9,
        1.1,
        1.1,
        1.2,
        1.3,
        1.5,
        2.6,
        2.0,
        2.1,
        4.9,
        3.2,
        3.3
    ]
}