{
    "name": "Manzur",
    "identification": "10.1103/PhysRevC.81.025808",
    "field": 1000.0,
    "yield_type": "light",
    "drift_field_error": 0.0,
    "recoil_energy": [
        3.9,
        4.9,
        6.4,
        7.6,
        9.8,
        15.1,
        25.7,
        57.7,
        66.7
    ],
    "yield": [
        6.0736,
        7.546880000000001,
        7.52,
        7.1232,
        12.38528,
        8.02944,
        7.68768,
        11.0656,
        12.64512
    ],
    "recoil_error": [
        2.9734636460000003,
        3.7245357919999997,
        3.5521860710000004,
        3.124833357,
        4.402480282,
        2.5437367969999998,
        1.759610726,
        0.927773525,
        1.613882869
    ],
    "corrected_energy": [
        3.9,
        4.9,
        6.4,
        7.6,
        9.8,
        15.1,
        25.7,
        57.7,
        66.7
    ],
    "max_recoil": [
        2.46212916,
        2.353251368,
        2.269970925,
        2.445436566,
        2.535886433,
        2.272675956,
        1.601279488,
        0.6303268989999999,
        1.317840658
    ],
    "min_recoil": [
        2.308440166,
        2.522119743,
        2.329635165,
        2.329635165,
        1.9912126959999998,
        1.7232527380000002,
        1.275190966,
        0.590050845,
        1.1748838240000001
    ],
    "max_yield": [
        0.9,
        0.9,
        1.1,
        1.2,
        1.3,
        1.5,
        2.0,
        3.2,
        3.3
    ],
    "min_yield": [
        0.9,
        0.9,
        1.1,
        1.2,
        1.3,
        1.5,
        2.0,
        3.2,
        3.3
    ]
}