{
    "name": "PandaX",
    "identification": "{private}",
    "field": 395.7,
    "yield_type": "light",
    "drift_field_error": 3.7,
    "recoil_energy": [
        0.33941126,
        1.0858108999999998,
        1.9222013999999998,
        3.1339307,
        4.44677,
        5.7514389999999995,
        7.4388943,
        9.091994999999999,
        10.998686,
        12.768658,
        74.58057,
        92.572174
    ],
    "yield": [
        1.252173888,
        3.1072464,
        4.56811584,
        5.91304352,
        6.933333376,
        7.58260864,
        8.20869568,
        8.76521792,
        9.18260864,
        9.48405824,
        13.03188416,
        13.24057984
    ],
    "recoil_error": [
        0.250434778,
        0.46608696,
        0.685217376,
        0.886956528,
        1.0400000059999999,
        1.1373912959999999,
        1.231304352,
        1.314782688,
        1.3773912959999999,
        1.422608736,
        1.9547826240000001,
        1.986086976
    ],
    "corrected_energy": [
        0.33941126,
        1.0858108999999998,
        1.9222013999999998,
        3.1339307,
        4.44677,
        5.7514389999999995,
        7.4388943,
        9.091994999999999,
        10.998686,
        12.768658,
        74.58057,
        92.572174
    ],
    "max_recoil": [
        0.250434778,
        0.46608696,
        0.685217376,
        0.886956528,
        1.0400000059999999,
        1.1373912959999999,
        1.231304352,
        1.314782688,
        1.3773912959999999,
        1.422608736,
        1.9547826240000001,
        1.986086976
    ],
    "min_recoil": [
        0.250434778,
        0.46608696,
        0.685217376,
        0.886956528,
        1.0400000059999999,
        1.1373912959999999,
        1.231304352,
        1.314782688,
        1.3773912959999999,
        1.422608736,
        1.9547826240000001,
        1.986086976
    ]
}