{
    "name": "XENON100 #2",
    "identification": "10.1103/PhysRevD.88.012006",
    "field": 530.0,
    "yield_type": "light",
    "drift_field_error": 0.0,
    "recoil_energy": [
        3.0,
        8.0,
        15.0,
        25.0,
        40.0,
        100.0,
        200.0,
        2.0,
        3.0,
        4.0,
        5.0,
        6.5,
        8.4,
        10.8,
        14.9,
        22.9,
        54.85,
        200.0
    ],
    "yield": [
        4.374634176,
        8.87284496,
        9.76260128,
        12.25886202,
        12.28357722,
        12.50601584,
        12.35772342,
        3.4481951719999997,
        5.62471545,
        5.967089559,
        6.480650572999999,
        7.263219313,
        8.021333734,
        8.70608087,
        9.219642726,
        9.879935424,
        11.59180447,
        11.95863428
    ],
    "recoil_error": [
        0.273414636,
        0.55455281,
        0.61016258,
        0.7661788759999999,
        0.767723576,
        0.78162599,
        0.7723577140000001,
        3.0,
        2.1,
        1.9,
        1.7,
        1.5,
        1.3,
        1.0,
        0.9,
        0.7,
        0.65,
        0.605
    ],
    "corrected_energy": [
        3.0,
        8.0,
        15.0,
        25.0,
        40.0,
        100.0,
        200.0,
        2.12749506,
        3.188660891,
        4.22349968,
        5.24036208,
        6.741005311,
        8.610130029,
        10.93340458,
        14.83115432,
        22.25959741,
        50.69610476,
        171.21626
    ],
    "max_recoil": [
        0.273414636,
        0.55455281,
        0.61016258,
        0.7661788759999999,
        0.767723576,
        0.78162599,
        0.7723577140000001,
        2.5,
        2.1,
        1.9,
        1.7,
        1.5,
        1.3,
        1.0,
        0.9,
        0.7,
        0.7,
        0.68
    ],
    "min_recoil": [
        0.273414636,
        0.55455281,
        0.61016258,
        0.7661788759999999,
        0.767723576,
        0.78162599,
        0.7723577140000001,
        3.5,
        2.1,
        1.9,
        1.7,
        1.5,
        1.3,
        1.0,
        0.9,
        0.7,
        0.6,
        0.53
    ]
}