{
    "name": "XENON10",
    "identification": "10.1016/j.nima.2008.12.197",
    "field": 730.0,
    "yield_type": "light",
    "drift_field_error": 0.0,
    "recoil_energy": [
        1.5,
        2.0,
        5.0,
        10.0,
        15.0,
        25.0,
        50.0,
        100.0,
        150.0,
        300.0,
        3.9,
        4.9,
        5.7,
        6.4,
        7.6,
        9.8,
        15.1,
        19.6,
        25.7,
        34.9,
        46.1,
        57.7,
        66.7
    ],
    "yield": [
        9.776143334,
        9.531647674,
        9.292133242,
        9.605986368,
        11.55207669,
        13.098095599999999,
        14.12125571,
        16.34715014,
        18.35485974,
        18.0,
        5.55968,
        6.533119999999999,
        6.6528,
        5.53472,
        5.3088,
        6.872319999999999,
        6.53376,
        7.0336,
        8.0256,
        11.320960000000001,
        9.808639999999999,
        11.0656,
        10.366719999999999
    ],
    "recoil_error": [
        1.1904,
        1.1308799999999999,
        1.01184,
        0.8928,
        0.8928,
        0.8928,
        0.8332799999999999,
        0.71424,
        0.5952,
        2.75,
        3.404667625,
        3.5164604689999996,
        4.043754428,
        3.200595865,
        3.039859548,
        2.602287796,
        2.361832374,
        2.8609386789999998,
        1.524941934,
        3.2801211689999996,
        2.663996388,
        0.8435165790000001,
        1.479638263
    ],
    "corrected_energy": [
        1.871051047,
        2.472219301,
        5.81338397,
        10.93184877,
        15.77627558,
        25.00900635,
        46.66708932,
        87.01523626,
        125.2571842,
        300.0,
        3.9,
        4.9,
        5.7,
        6.4,
        7.6,
        9.8,
        15.1,
        19.6,
        25.7,
        34.9,
        46.1,
        57.7,
        66.7
    ],
    "max_recoil": [
        1.1904,
        1.1308799999999999,
        1.01184,
        0.8928,
        0.8928,
        0.8928,
        0.8332799999999999,
        0.71424,
        0.5952,
        3.5,
        2.46212916,
        2.353251368,
        2.489427243,
        2.269970925,
        2.445436566,
        2.535886433,
        2.272675956,
        2.988190088,
        1.601279488,
        2.8334007839999997,
        2.514800986,
        0.6303268989999999,
        1.317840658
    ],
    "min_recoil": [
        1.1904,
        1.1308799999999999,
        1.01184,
        0.8928,
        0.8928,
        0.8928,
        0.8332799999999999,
        0.71424,
        0.5952,
        2.0,
        2.308440166,
        2.522119743,
        2.179761455,
        2.329635165,
        2.329635165,
        1.9912126959999998,
        1.7232527380000002,
        2.6052009519999997,
        1.275190966,
        2.008621418,
        2.5615995,
        0.590050845,
        1.1748838240000001
    ],
    "max_yield": [
        NaN,
        NaN,
        NaN,
        NaN,
        NaN,
        NaN,
        NaN,
        NaN,
        NaN,
        50.0,
        0.9,
        0.9,
        1.1,
        1.1,
        1.2,
        1.3,
        1.5,
        2.6,
        2.0,
        2.1,
        4.9,
        3.2,
        3.3
    ],
    "min_yield": [
        NaN,
        NaN,
        NaN,
        NaN,
        NaN,
        NaN,
        NaN,
        NaN,
        NaN,
        55.0,
        0.9,
        0.9,
        1.1,
        1.1,
        1.2,
        1.3,
        1.5,
        2.6,
        2.0,
        2.1,
        4.9,
        3.2,
        3.3
    ]
}