{
    "name": "Manzur",
    "identification": "10.1103/PhysRevC.81.025808",
    "field": 4000.0,
    "yield_type": "charge",
    "drift_field_error": 0.0,
    "gas_drift_field": 8000.0,
    "liquid_drift_field": 4324.324324,
    "extraction_efficiency": "1.0",
    "pixey": "0.728749416",
    "recoil_energy": [
        6.4266,
        9.7463,
        15.159,
        57.393
    ],
    "yield": [
        7.0628,
        6.5272,
        4.93,
        3.135
    ],
    "recoil_error": [
        1.6127,
        0.977765,
        0.547925,
        0.30033000000000004
    ],
    "corrected_energy": [
        6.4266,
        9.7463,
        15.159,
        57.393
    ],
    "max_recoil": [
        1.6072,
        1.0252,
        0.53047,
        0.29641
    ],
    "min_recoil": [
        "1.6182",
        "0.93033",
        "0.56538",
        "0.30425"
    ],
    "max_yield": [
        1.2823,
        1.5222,
        1.6103,
        4.1249
    ],
    "min_yield": [
        1.2329999999999999,
        1.4746,
        1.6275,
        3.1684
    ]
}