{
    "name": "NeriX",
    "identification": "10.1103/PhysRevD.98.112003",
    "field": 190.0,
    "yield_type": "charge",
    "drift_field_error": 0,
    "gas_drift_field": 10000.0,
    "liquid_drift_field": 5405.4054049999995,
    "extraction_efficiency": 0.903,
    "pixey": 0.903177465,
    "recoil_energy": [
        4.95,
        6.6,
        10.62,
        13.95
    ],
    "yield": [
        5.9,
        5.8,
        5.7,
        6.2
    ],
    "recoil_error": [
        0.3,
        0.1,
        0.1,
        0.1
    ],
    "corrected_energy": [
        4.95,
        6.6,
        10.62,
        13.95
    ],
    "max_yield": [
        0.83,
        1.52,
        1.54,
        2.46
    ],
    "min_yield": [
        0.83,
        1.52,
        1.54,
        2.46
    ]
}